A&B COMPUTING	COLOUR IKON	$.COLOUR	C	19	A&B01	U	N
A&B COMPUTING	Bar Charts	BARCHAR	C	19	A&B101	U	N
A&B COMPUTING	BBC Function keys	BBCFUNC	C	19	A&B101	U	N
A&B COMPUTING	Cells and Serpents	CELLSAN	C	19	A&B101	U	N
A&B COMPUTING	Character Creation	CHARACT	C	19	A&B101	U	N
A&B COMPUTING	Clubhouse Oraniser	CLUBHOU	C	19	A&B101	U	N
A&B COMPUTING	Data Collection	DATACOL	C	19	A&B101	U	N
A&B COMPUTING	Disc Director	DIRECTO	C	19	A&B101	U	N
A&B COMPUTING	Interface control	INTERFA	C	19	A&B101	U	N
A&B COMPUTING	Labelling Demo	LABELLI	C	19	A&B101	U	N
A&B COMPUTING	Pattern Animation #1	SPA1	C	19	A&B101	U	N
A&B COMPUTING	Pattern Animation #2	SPA2	C	19	A&B101	U	N
A&B COMPUTING	Tandy Printer 	TANDYPR	C	19	A&B101	U	N
A&B COMPUTING	Addition	ADDITIO	C	19	A&B102	U	N
A&B COMPUTING	Asteroid Lander	ASTEROI	C	19	A&B102	U	N
A&B COMPUTING	Bar Charts	BARCHAR	C	19	A&B102	U	N
A&B COMPUTING	Catalogue Programs	CATALO1	C	19	A&B102	U	N
A&B COMPUTING	Copy cat	COPYCAT	C	19	A&B102	U	N
A&B COMPUTING	Graph plotter	GRAPHPL	C	19	A&B102	U	N
A&B COMPUTING	Maths teacher	MATHSTE	C	19	A&B102	U	N
A&B COMPUTING	Pairs	PAIRS	C	19	A&B102	U	N
A&B COMPUTING	Space chaser	SPACECH	C	19	A&B102	G	N
A&B COMPUTING	Space match (snap)	SPACEMA	C	19	A&B102	G	N
A&B COMPUTING	Spiderman	SPIDERM	C	19	A&B102	G	N
A&B COMPUTING	String along	STRINGS	C	19	A&B102	U	N
A&B COMPUTING	Archive to tape	ARCHIV1	C	19	A&B103	U	N
A&B COMPUTING	Archive to Disc	ARCHIV2	C	19	A&B103	U	N
A&B COMPUTING	Audax	AUDAX	C	19	A&B103	U	N
A&B COMPUTING	Beebword (Scrabble)	BEEBWOR	C	19	A&B103	U	N
A&B COMPUTING	Cockpit	COCKPIT	C	19	A&B103	U	N
A&B COMPUTING	Epson MX80FT111 Printer	EPSONPR	C	19	A&B103	U	N
A&B COMPUTING	Fly	FLY	C	19	A&B103	U	N
A&B COMPUTING	Fortune teller	FORTUNE	C	19	A&B103	U	N
A&B COMPUTING	Noteguess (educational)	NOTEGUE	C	19	A&B103	U	N
A&B COMPUTING	Shape (educational)	SHAPE	C	19	A&B103	U	N
A&B COMPUTING	Snest (educational)	SNEST	C	19	A&B103	U	N
A&B COMPUTING	Spellings (educational)	SPELLIN	C	19	A&B103	U	N
A&B COMPUTING	Starship Adventure	SPACEAD	C	19	A&B103	A	N
A&B COMPUTING	Teletext Invaders	TXTINVA	C	19	A&B103	G	N
A&B COMPUTING	3D-2D Wire Cube	3D	C	19	A&B104	U	N
A&B COMPUTING	Battleships	BATTLES	C	19	A&B104	G	N
A&B COMPUTING	Binary Logic	BINARY	C	19	A&B104	U	N
A&B COMPUTING	Christmas Greetings	CHRISTM	C	19	A&B104	U	N
A&B COMPUTING	Dogs Dinner Quiz	DOGSDIN	C	19	A&B104	G	N
A&B COMPUTING	Duo Logic	DUO	C	19	A&B104	U	N
A&B COMPUTING	Formula One Game	FORMULA	C	19	A&B104	G	N
A&B COMPUTING	Graphic Patterns	GRAPHIC	C	19	A&B104	U	N
A&B COMPUTING	Invasion Times	INVASIO	C	19	A&B104	U	N
A&B COMPUTING	Multichoice Utility	MULTICH	C	19	A&B104	U	N
A&B COMPUTING	Pet Spiders	PETSPID	C	19	A&B104	G	N
A&B COMPUTING	Spacewar	SPACEWA	C	19	A&B104	G	N
A&B COMPUTING	Spiro	SPIRO	C	19	A&B104	U	N
A&B COMPUTING	Addition Snap	ADDSNAP	C	19	A&B105	U	N
A&B COMPUTING	 Cavatina	CAVATIN	C	19	A&B105	U	N
A&B COMPUTING	Colour Guess	COLOURG	C	19	A&B105	G	N
A&B COMPUTING	Death In Poglovia	DEATHIN	C	19	A&B105	A	N
A&B COMPUTING	Doodlebug Game	DOODLEB	C	19	A&B105	G	N
A&B COMPUTING	Dunefighters Game	DUNEFIG	C	19	A&B105	G	N
A&B COMPUTING	Flagged	FLAGGED	C	19	A&B105	U	N
A&B COMPUTING	Helicopter Squadron	HELICOP	C	19	A&B105	G	N
A&B COMPUTING	In The Beginning	COLLECT	C	19	A&B105	U	N
A&B COMPUTING	Matrix Transformation	MATRIXT	C	19	A&B105	U	N
A&B COMPUTING	Thermocouple Temp	THERMO3	C	19	A&B105	U	N
A&B COMPUTING	Wordgrid	WORDGRI	C	19	A&B105	U	N
A&B COMPUTING	Cellars Arcade Game	CELLARS	C	19	A&B106	U	N
A&B COMPUTING	Disc Menu (Model B)	DISCMEN	C	19	A&B106	U	N
A&B COMPUTING	Earth Battle Game	EARTHBA	C	19	A&B106	U	N
A&B COMPUTING	Graphics In Colour	GRAPHIC	C	19	A&B106	U	N
A&B COMPUTING	Hangman Setup Prog	HANG1	C	19	A&B106	U	N
A&B COMPUTING	Hangman Game	HANG2	C	19	A&B106	U	N
A&B COMPUTING	Puss In Boots	PUSSIN1	C	19	A&B106	U	N
A&B COMPUTING	Siciliano Music Demo	SICILIA	C	19	A&B106	U	N
A&B COMPUTING	Bomb run Archade Game	BOMBRUN	C	19	A&B107	U	N
A&B COMPUTING	Gcol Demo #1	GCOLDE1	C	19	A&B107	U	N
A&B COMPUTING	Gcol Demo #2	GCOLDE2	C	19	A&B107	U	N
A&B COMPUTING	Gcol Demo #3	GCOLDE3	C	19	A&B107	U	N
A&B COMPUTING	Lawn tennis	LAWNTEN	C	19	A&B107	U	N
A&B COMPUTING	Multitasking demo #1	MULTI1	C	19	A&B107	U	N
A&B COMPUTING	Multitasking demo #2	MULTI2	C	19	A&B107	U	N
A&B COMPUTING	Multitasking demo #3	MULTI3	C	19	A&B107	U	N
A&B COMPUTING	Pontoon	PONT1	C	19	A&B107	U	N
A&B COMPUTING	Skoogs Archade game	SKLOAD	C	19	A&B107	U	N
A&B COMPUTING	Speedy graphics demo	SPEEDY	C	19	A&B107	U	N
A&B COMPUTING	String finding	FINDSRC	C	19	A&B107	U	N
A&B COMPUTING	Turtletalk #2	TURTLEA	C	19	A&B107	U	N
A&B COMPUTING	BASutil	BASUTIL	C	19	A&B108	U	N
A&B COMPUTING	Circle (basic)	CIRC1	C	19	A&B108	U	N
A&B COMPUTING	Circle(M/code)	CIRC2	C	19	A&B108	U	N
A&B COMPUTING	Europe Quiz	EUROPE	C	19	A&B108	U	N
A&B COMPUTING	1: read rom chr$	KNIGHT1	C	19	A&B108	U	N
A&B COMPUTING	2 Character Reader	KNIGHT2	C	19	A&B108	U	N
A&B COMPUTING	3 Character Definer	KNIGHT3	C	19	A&B108	U	N
A&B COMPUTING	4 Knight Demo	KNIGHT4	C	19	A&B108	U	N
A&B COMPUTING	Paged mode switch	PAGEMOD	C	19	A&B108	U	N
A&B COMPUTING	Snackman Arcade Game	SNACKM1	C	19	A&B108	U	N
A&B COMPUTING	Snakes & Ladders Maths	SNAKES	C	19	A&B108	U	N
A&B COMPUTING	Ayo	AYO1	C	19	A&B109	U	N
A&B COMPUTING	Creaplot Art Package	CREAPLO	C	19	A&B109	U	N
A&B COMPUTING	Domgrid	DOMGRID	C	19	A&B109	U	N
A&B COMPUTING	Graphics: Mode 2 Wheel	WHEEL	C	19	A&B109	U	N
A&B COMPUTING	Haunted House	HAUNTED	C	19	A&B109	U	N
A&B COMPUTING	Moneywatch	MONEYWA	C	19	A&B109	U	N
A&B COMPUTING	Pools Predictor	POOLS	C	19	A&B109	U	N
A&B COMPUTING	Regression Analysis	REGRESS	C	19	A&B109	U	N
A&B COMPUTING	Singalong!	SINGALO	C	19	A&B109	U	N
A&B COMPUTING	Sprite Example 1	SPRITE1	C	19	A&B109	U	N
A&B COMPUTING	Sprite Example 2	SPRITE2	C	19	A&B109	U	N
A&B COMPUTING	Tank Battle	TANKBAT	C	19	A&B109	U	N
A&B COMPUTING	Wiggler	WIGGLE1	C	19	A&B109	U	N
A&B COMPUTING	Big Ben	BIGBEN	C	19	A&B110	U	N
A&B COMPUTING	Crunch! Compiler	CRUNCH	C	19	A&B110	U	N
A&B COMPUTING	Gridlines	GRIDLIN	C	19	A&B110	U	N
A&B COMPUTING	Old English Font	OLDENGL	C	19	A&B110	U	N
A&B COMPUTING	Pixie	PIXIE	C	19	A&B110	U	N
A&B COMPUTING	Star Encounter	STARWAR	C	19	A&B110	U	N
A&B COMPUTING	Text Master	TEXTMAS	C	19	A&B110	U	N
A&B COMPUTING	Video Tape Indexer	VIDEOTA	C	19	A&B110	U	N
A&B COMPUTING	Bouncer Arcade Game	BOLOAD	C	19	A&B111	U	N
A&B COMPUTING	Chart Recorder Program	CHARTRE	C	19	A&B111	U	N
A&B COMPUTING	Digital Display Program	DIGITAL	C	19	A&B111	U	N
A&B COMPUTING	Graph Plotter	GRAPHPL	C	19	A&B111	U	N
A&B COMPUTING	Hardware Scroll Left	H_LFT	C	19	A&B111	U	N
A&B COMPUTING	Hardware Scroll Right	H_RGT	C	19	A&B111	U	N
A&B COMPUTING	Hardware Scroll Up	H_UP	C	19	A&B111	U	N
A&B COMPUTING	Hardware Scroll Down	H_DWN	C	19	A&B111	U	N
A&B COMPUTING	Money Game	MONEY	C	19	A&B111	U	N
A&B COMPUTING	Reversasquare	REVERSA	C	19	A&B111	U	N
A&B COMPUTING	Verify Source Code	VER_SRC	C	19	A&B111	U	N
A&B COMPUTING	6845 Programming #1	6845L1	C	19	A&B112	U	N
A&B COMPUTING	6845 Programming #2	6845L2	C	19	A&B112	U	N
A&B COMPUTING	6845 Programming #3	6845L3	C	19	A&B112	U	N
A&B COMPUTING	Disc Menu	MENU	C	19	A&B112	U	N
A&B COMPUTING	Laser Cycles Game	CYCLES1	C	19	A&B112	U	N
A&B COMPUTING	Life	LIFE	C	19	A&B112	U	N
A&B COMPUTING	1984 Puzzle	1984	C	19	A&B113	U	N
A&B COMPUTING	BBC User Port Demo	UPDEMO	C	19	A&B113	U	N
A&B COMPUTING	Decision Maker	DECISIO	C	19	A&B113	U	N
A&B COMPUTING	Formula One Racing	FORMULA	C	19	A&B113	U	N
A&B COMPUTING	Mouse Application	MOUSE1	C	19	A&B113	U	N
A&B COMPUTING	Music Machine	MUSICA	C	19	A&B113	U	N
A&B COMPUTING	122: A&B1_11	NAMETHA	C	19	A&B113	U	N
A&B COMPUTING	Secret Agent	SAGENT1	C	19	A&B113	U	N
A&B COMPUTING	Secret Agent Creator	SAGENT3	C	19	A&B113	U	N
A&B COMPUTING	Soft Key Definitions	SOFTKEY	C	19	A&B113	U	N
A&B COMPUTING	Brain Workings #1	BRAIN1	C	19	A&B114	U	N
A&B COMPUTING	Brain Workings #4	BRAIN4	C	19	A&B114	U	N
A&B COMPUTING	Key-To-Key	KEY_KEY	C	19	A&B114	U	N
A&B COMPUTING	Key-To-Stick	KEYSTIK	C	19	A&B114	U	N
A&B COMPUTING	Scissors-Stone-Paper	SCISSO2	C	19	A&B114	U	N
A&B COMPUTING	Solar System	SOLARSY	C	19	A&B114	U	N
A&B COMPUTING	Basic Maker Src_Code	BASICMA	C	19	A&B115	U	N
A&B COMPUTING	Diamond Adventure	DIAMOND	C	19	A&B115	U	N
A&B COMPUTING	Education #1:Alphasort	ALPHASO	C	19	A&B115	U	N
A&B COMPUTING	Education #2:Bingo	BINGO	C	19	A&B115	U	N
A&B COMPUTING	Education #3:Punctuate	PUNCTUA	C	19	A&B115	U	N
A&B COMPUTING	Education #4:Spelling	SPELLIN	C	19	A&B115	U	N
A&B COMPUTING	Educational Generator	EPG	C	19	A&B115	U	N
A&B COMPUTING	Mode 7 Pixel Plot #1	PPLOT1	C	19	A&B115	U	N
A&B COMPUTING	Mode 7 Pixel Plot #2	PPLOT2	C	19	A&B115	U	N
A&B COMPUTING	Mode 7 Scrolling Demo	7SCROLL	C	19	A&B115	U	N
A&B COMPUTING	Teletext Ctrl Codes	CTRLS	C	19	A&B115	U	N
A&B COMPUTING	Trudy's Cottage	COTTAGE	C	19	A&B115	U	N
A&B COMPUTING	Assembler Program 1	LIST1	C	19	A&B205	U	N
A&B COMPUTING	Assembler Program 2	LIST2	C	19	A&B205	U	N
A&B COMPUTING	Assembler Program 3	LIST3	C	19	A&B205	U	N
A&B COMPUTING	Break Protection	BREAKPR	C	19	A&B205	U	N
A&B COMPUTING	Bouncer (Loader Only)	BOLOAD	C	19	A&B205	U	N
A&B COMPUTING	Filer	FILER	C	19	A&B205	U	N
A&B COMPUTING	Mail List	MAILIST	C	19	A&B205	U	N
A&B COMPUTING	Old English Mods	DATAMOD	C	19	A&B205	U	N
A&B COMPUTING	W/P Integration Prog 1	INTEGR1	C	19	A&B205	U	N
A&B COMPUTING	W/P Integration Prog 2	INTEGR2	C	19	A&B205	U	N
A&B COMPUTING	BASIC/M/code Relocator	RELOCLD	C	19	A&B206	U	N
A&B COMPUTING	Caps Lk Warning	CAPSLK	C	19	A&B206	U	N
A&B COMPUTING	Colour Mix (Assembly)	COLMIX	C	19	A&B206	U	N
A&B COMPUTING	Global View	GLOBELD	C	19	A&B206	U	N
A&B COMPUTING	Kemote	KEMOTE	C	19	A&B206	U	N
A&B COMPUTING	Mastermind	MASTERM	C	19	A&B206	U	N
A&B COMPUTING	Numerals - Numbers	ROME1	C	19	A&B206	U	N
A&B COMPUTING	Numbers - Numerals	ROME2	C	19	A&B206	U	N
A&B COMPUTING	Pixie Mods	PIXIFIX	C	19	A&B206	U	N
A&B COMPUTING	QMan	QMAN	C	19	A&B206	U	N
A&B COMPUTING	 Tables	TABLES	C	19	A&B206	U	N
A&B COMPUTING	Walk The Plank	WALKPLA	C	19	A&B206	U	N
A&B COMPUTING	Adventurescape [BBC]	B.ADVGEN	C	19	A&B207	U	N
A&B COMPUTING	Adventurescape [Elk]	E.ADVGEN	C	19	A&B207	U	N
A&B COMPUTING	Down To Earth	DOWNTOE	C	19	A&B207	U	N
A&B COMPUTING	Jingle Creator	JINGLES	C	19	A&B207	U	N
A&B COMPUTING	Xanadu Adventure	XANADU	C	19	A&B207	U	N
A&B COMPUTING	CAD Package	C.CAD_PAC	C	19	A&B208	U	N
A&B COMPUTING	Design A Diesel!	DIESEL	C	19	A&B208	U	N
A&B COMPUTING	Event M/C Example #1	EVENT1	C	19	A&B208	U	N
A&B COMPUTING	Event M/C Example #2	EVENT2	C	19	A&B208	U	N
A&B COMPUTING	Ikon	I.IKON	C	19	A&B208	U	N
A&B COMPUTING	Mosaic	MOSAIC1	C	19	A&B208	U	N
A&B COMPUTING	Touch Of Class	T.CLASS	C	19	A&B208	U	N
A&B COMPUTING	Ally Pally	ALLY	C	19	A&B209	U	N
A&B COMPUTING	Android Arcade Game	ANDROID	C	19	A&B209	U	N
A&B COMPUTING	BBC Disc: Read	FIG3	C	19	A&B209	U	N
A&B COMPUTING	BBC Disc: Write & Title	FIG4	C	19	A&B209	U	N
A&B COMPUTING	Checksum Source Code	CHEKSRC	C	19	A&B209	U	N
A&B COMPUTING	Checksum Demo Program	DEMO	C	19	A&B209	U	N
A&B COMPUTING	Compressing Clever	PACKER	C	19	A&B209	U	N
A&B COMPUTING	Event Example #1	EVENT1	C	19	A&B209	U	N
A&B COMPUTING	Event Example #2	EVENT2	C	19	A&B209	U	N
A&B COMPUTING	Edge Detection [AMX]	EDGEDET	C	19	A&B210	U	N
A&B COMPUTING	Garden Quest Adventure	GARDENQ	C	19	A&B210	U	N
A&B COMPUTING	SRAM Programming (B+)	STORAGE	C	19	A&B210	U	N
A&B COMPUTING	Advanced Super Buffer	SUPERBU	C	19	A&B211	U	N
A&B COMPUTING	Art Of 3D Graphics	ARTOF3D	C	19	A&B211	U	N
A&B COMPUTING	BASIC Companion	COMPANI	C	19	A&B211	U	N
A&B COMPUTING	Double Dutch Program 1	DDUTCH1	C	19	A&B211	U	N
A&B COMPUTING	Double Dutch Program 2	DDUTCH2	C	19	A&B211	U	N
A&B COMPUTING	Epson CHR$ Printing	FONT	C	19	A&B211	U	N
A&B COMPUTING	Epson 'The Hobbit' Font	HOBBIT	C	19	A&B211	U	N
A&B COMPUTING	M/Code Slowdown	WAITING	C	19	A&B211	U	N
A&B COMPUTING	MarkAlyser (B+ Only)	MARKALY	C	19	A&B211	U	N
A&B COMPUTING	B+ Printer Buffer	BUFFER	C	19	A&B212	U	N
A&B COMPUTING	Falcon Pilot	F-LOAD	C	19	A&B212	U	N
A&B COMPUTING	Flood Fill Listing 1	FLOOD1	C	19	A&B212	U	N
A&B COMPUTING	Flood Fill Listing 2	FLOOD2	C	19	A&B212	U	N
A&B COMPUTING	Flood Fill Listing 3	FLOOD3	C	19	A&B212	U	N
A&B COMPUTING	Flood Fill Listing 4	FLOOD4	C	19	A&B212	U	N
A&B COMPUTING	Horror Scope	HORRORS	C	19	A&B212	U	N
A&B COMPUTING	Procedure Library	MULTIPU	C	19	A&B212	U	N
A&B COMPUTING	ROM S/ware Template	TEMPLAT	C	19	A&B212	U	N
A&B COMPUTING	Scruge	SCRUGE1	C	19	A&B212	U	N
A&B COMPUTING	Scruge Source Code	SRC	C	19	A&B212	U	N
A&B COMPUTING	Animated Snake	SNAKE	C	19	A&B301	U	N
A&B COMPUTING	Ghosts Arcade Game	GHOSTS	C	19	A&B301	U	N
A&B COMPUTING	Ghosts Arrangement	G_SRC1	C	19	A&B301	U	N
A&B COMPUTING	Magic Squares	MAGICSQ	C	19	A&B301	U	N
A&B COMPUTING	NLQ Printing #1	NLQ1	C	19	A&B301	U	N
A&B COMPUTING	NLQ Printing #2	NLQ2	C	19	A&B301	U	N
A&B COMPUTING	Pascal BASIC RND Ext	PASCAL1	C	19	A&B301	U	N
A&B COMPUTING	Perpetual Diary	DIARY	C	19	A&B301	U	N
A&B COMPUTING	Speech Synthesis #1	SPEAK1	C	19	A&B301	U	N
A&B COMPUTING	Speech Synthesis #2	SPEAK2	C	19	A&B301	U	N
A&B COMPUTING	Split Mode Demo	SPLITMO	C	19	A&B301	U	N
A&B COMPUTING	Textmaster Elk Version	TEXTMAS	C	19	A&B301	U	N
A&B COMPUTING	1066 Wargame	1066	C	19	A&B302	U	N
A&B COMPUTING	Music Laboratory	MUSIC1	C	19	A&B302	U	N
A&B COMPUTING	Music [BASIC To M/C]	MUSIC2	C	19	A&B302	U	N
A&B COMPUTING	Music Demo #1	MUSIC3	C	19	A&B302	U	N
A&B COMPUTING	Music Demo #2	MUSIC4	C	19	A&B302	U	N
A&B COMPUTING	Spacehawk Arcade Game	SPACEHA	C	19	A&B302	U	N
A&B COMPUTING	Anthrosin Adventure	ANTHROS	C	19	A&B303	U	N
A&B COMPUTING	Assembly Example #2	ASSEMBL	C	19	A&B303	U	N
A&B COMPUTING	BASIC Extensions	BASICEX	C	19	A&B303	U	N
A&B COMPUTING	Darts Arcade Game	DINTRO	C	19	A&B303	U	N
A&B COMPUTING	IKON Cascade #1	SLIDES1	C	19	A&B303	U	N
A&B COMPUTING	IKON Cascade #2	SLIDES2	C	19	A&B303	U	N
A&B COMPUTING	PaintPot Colour Changer	PAINTPO	C	19	A&B303	U	N
A&B COMPUTING	Texture Demo	TEXTURE	C	19	A&B303	U	N
A&B COMPUTING	40/80 Track Formatter	4080TF	C	19	A&B304	U	N
A&B COMPUTING	Ikon Paintbox	PAINTBO	C	19	A&B304	U	N
A&B COMPUTING	Island Game	ISLAND	C	19	A&B304	U	N
A&B COMPUTING	Jungle Quest Adventure	B.JUN_RUN	C	19	A&B304	U	N
A&B COMPUTING	Mabwars	MABWARS	C	19	A&B304	U	N
A&B COMPUTING	Recursive Wordsearch	WORDSCH	C	19	A&B304	U	N
A&B COMPUTING	Sprite 1: Moving Sprite	MOVINGS	C	19	A&B304	U	N
A&B COMPUTING	Sprite 2: Spinning Wheel	SPINNIN	C	19	A&B304	U	N
A&B COMPUTING	Sideways RAM Autoloader	128RW2	C	19	A&B304	U	N
A&B COMPUTING	Sideways RAM Tester	128RW1	C	19	A&B304	U	N
A&B COMPUTING	Time Bomb	TIME1	C	19	A&B304	U	N
A&B COMPUTING	Treasure Hunt	TREASUR	C	19	A&B304	U	N
A&B COMPUTING	A&B SRAM Utilities	AaB	C	19	A&B305	U	N
A&B COMPUTING	Adventurescape ADVRUNF	ADVRUNF	C	19	A&B305	U	N
A&B COMPUTING	Adventurescape PUZGEN	PUZGEN	C	19	A&B305	U	N
A&B COMPUTING	Adventurescape TEXTGEN	TEXTGEN	C	19	A&B305	U	N
A&B COMPUTING	Assembly: Screen CHR$	ASSEM4	C	19	A&B305	U	N
A&B COMPUTING	Ikon Paintbox	PAINTBO	C	19	A&B305	U	N
A&B COMPUTING	Instant Recall	RECALL	C	19	A&B305	U	N
A&B COMPUTING	Tracey Game	TRACEY	C	19	A&B305	U	N
A&B COMPUTING	User Port Listing 1	UPORT1	C	19	A&B305	U	N
A&B COMPUTING	User Port Listing 2	UPORT2	C	19	A&B305	U	N
A&B COMPUTING	User Port Listing 3	UPORT3	C	19	A&B305	U	N
A&B COMPUTING	Wordmix Game	WORDMIX	C	19	A&B305	U	N
A&B COMPUTING	Zim Game	ZIM	C	19	A&B305	U	N
A&B COMPUTING	A&B SRAM Utilities #2	AaB2	C	19	A&B306	U	N
A&B COMPUTING	Advnturescape SQUASH	SQUASH	C	19	A&B306	U	N
A&B COMPUTING	Elite Ship Cracker	C_ELITE	C	19	A&B306	U	N
A&B COMPUTING	In & Out Of Port	PORT1	C	19	A&B306	U	N
A&B COMPUTING	Global View Alt Maps	MAPS	C	19	A&B306	U	N
A&B COMPUTING	Global View Con Drift	DRIFT	C	19	A&B306	U	N
A&B COMPUTING	Print Tape Inlays	INLAY	C	19	A&B306	U	N
A&B COMPUTING	Retouch Of Class	RETOUCH	C	19	A&B306	U	N
A&B COMPUTING	A&B SRAM Utilities #3	AaB3	C	19	A&B307	U	N
A&B COMPUTING	Advnturescape DISCMEM	DISCMEM	C	19	A&B307	U	N
A&B COMPUTING	Advnturescape PUZCOMP	PUZCOMP	C	19	A&B307	U	N
A&B COMPUTING	BBC Control Panel	BPANEL	C	19	A&B307	U	N
A&B COMPUTING	Big Print Demo	BP_DEMO	C	19	A&B307	U	N
A&B COMPUTING	Big Print Source Code	BP_SRC	C	19	A&B307	U	N
A&B COMPUTING	Midget	MIDGET	C	19	A&B307	U	N
A&B COMPUTING	Solidisk 2nd Cat Fix	PAD1	C	19	A&B307	U	N
A&B COMPUTING	Assembly: Big Sprite	BIGSPRI	C	19	A&B308	U	N
A&B COMPUTING	Assembly: Patrol	PATROL	C	19	A&B308	U	N
A&B COMPUTING	Business Games Menu	MENU	C	19	A&B308	U	N
A&B COMPUTING	Tangram (BBC B)	TANGRAM	C	19	A&B308	U	N
A&B COMPUTING	Tangram (B+ Master)	TANGRA2	C	19	A&B308	U	N
A&B COMPUTING	Visuo-Spatial	VISUO	C	19	A&B308	U	N
A&B COMPUTING	War Game (B+ Master)	WARM128	C	19	A&B308	U	N
A&B COMPUTING	Assembly Example	ASSEMBL	C	19	A&B309	U	N
A&B COMPUTING	Card Trick	CARDTRI	C	19	A&B309	U	N
A&B COMPUTING	Check Byte Source Code	CHEKSRC	C	19	A&B309	U	N
A&B COMPUTING	Grand Prix	GRANDPR	C	19	A&B309	U	N
A&B COMPUTING	Islamic Art Part 1	PART1	C	19	A&B309	U	N
A&B COMPUTING	Islamic Art Part 2	PART2	C	19	A&B309	U	N
A&B COMPUTING	Islamic Art Part 3	PART3	C	19	A&B309	U	N
A&B COMPUTING	Islamic Art Part 4	PART4	C	19	A&B309	U	N
A&B COMPUTING	Olsen Arcade Game	OLSEN	C	19	A&B309	U	N
A&B COMPUTING	Program Protection 3	PPRO3	C	19	A&B309	U	N
A&B COMPUTING	Program Protection 4	PPRO4	C	19	A&B309	U	N
A&B COMPUTING	ADFS Discmenu !BOOT	!BOOT2	C	19	A&B310	U	N
A&B COMPUTING	ADFS Discmenu BASPart	BASPART	C	19	A&B310	U	N
A&B COMPUTING	ADFS Discmenu HEXLoad	HEXLOAD	C	19	A&B310	U	N
A&B COMPUTING	Assembly Example	ASSEMBL	C	19	A&B310	U	N
A&B COMPUTING	Dithered Colours	COLOURS	C	19	A&B310	U	N
A&B COMPUTING	Easyfont	EASYFON	C	19	A&B310	U	N
A&B COMPUTING	Room Planner	ROOMPLA	C	19	A&B310	U	N
A&B COMPUTING	Squeezing Numbers 1	STORE1	C	19	A&B310	U	N
A&B COMPUTING	Squeezing Numbers 2	STORE2	C	19	A&B310	U	N
A&B COMPUTING	Squeezing Numbers 3	STORE3	C	19	A&B310	U	N
A&B COMPUTING	Squeezing Numbers 4	STORE4	C	19	A&B310	U	N
A&B COMPUTING	Text Craft [Mode 1]	CRAFT1	C	19	A&B310	U	N
A&B COMPUTING	Text Craft [Mode 2]	CRAFT2	C	19	A&B310	U	N
A&B COMPUTING	Commscreen [DFS Only]	COMMSCR	C	19	A&B311	U	N
A&B COMPUTING	Gimpo (Full M/C Game)	GIMPLD	C	19	A&B311	U	N
A&B COMPUTING	Gimpo Screen Designer	GIMPSCR	C	19	A&B311	U	N
A&B COMPUTING	Sketcha Art Package	SKETCHA	C	19	A&B311	U	N
A&B COMPUTING	Check Byte Source Code	CHEKSRC	C	19	A&B312	U	N
A&B COMPUTING	Commando Cheat (BBC)	C_COMMA	C	19	A&B312	U	N
A&B COMPUTING	JSet Willy Cheat (BBC)	C_JSW	C	19	A&B312	U	N
A&B COMPUTING	Jumpers	JUMPERS	C	19	A&B312	U	N
A&B COMPUTING	M128: ECF Colours	LIST1	C	19	A&B312	U	N
A&B COMPUTING	M128: Map Draw Demo	LIST2	C	19	A&B312	U	N
A&B COMPUTING	M128: Rolling Graph	LIST6	C	19	A&B312	U	N
A&B COMPUTING	M128: Rotating Figures	LIST3	C	19	A&B312	U	N
A&B COMPUTING	M128: Scrolling Window	LIST5	C	19	A&B312	U	N
A&B COMPUTING	M128: Sliding Blocks	LIST4	C	19	A&B312	U	N
A&B COMPUTING	Random Resequencing	RANDOMS	C	19	A&B312	U	N
A&B COMPUTING	Vindaloo Cheat (BBC)	C_VINDA	C	19	A&B312	U	N
A&B COMPUTING	Xanadu Adventure	XANADU	C	19	A&B04	U	N
A&B COMPUTING	Amnesia Adventure	AMNESIA	C	19	A&B04	U	N
A&B COMPUTING	Bionic Bert (SPEECH!)	BIONIC1	C	19	A&B401	U	N
A&B COMPUTING	Bionic Bert (Standard)	BIONIC2	C	19	A&B401	U	N
A&B COMPUTING	Glad Tidings	GLADTID	C	19	A&B401	U	N
A&B COMPUTING	Curves 1 - BASIC	CURVES1	C	19	A&B402	U	N
A&B COMPUTING	Curves 2 - BASIC	CURVES2	C	19	A&B402	U	N
A&B COMPUTING	Curves 2 - M/Code	CURVSRC	C	19	A&B402	U	N
A&B COMPUTING	RAM Autoloader v2	AUTOV2	C	19	A&B402	U	N
A&B COMPUTING	RAM Multibk Identifier	MULTIBA	C	19	A&B402	U	N
A&B COMPUTING	Rondaxians	RONDAX1	C	19	A&B402	U	N
A&B COMPUTING	Stats On The BBC	STATS	C	19	A&B402	U	N
A&B COMPUTING	Analogue Filter	AFILTER	C	19	A&B403	U	N
A&B COMPUTING	Maths & Simulation 1	LIST1	C	19	A&B403	U	N
A&B COMPUTING	Maths & Simulation 2	LIST2	C	19	A&B403	U	N
A&B COMPUTING	Maths & Simulation 3	LIST3	C	19	A&B403	U	N
A&B COMPUTING	Panoramic Window (M128)	PANORAM	C	19	A&B403	U	N
A&B COMPUTING	Quickstep Movie-Maker	AGG	C	19	A&B403	U	N
A&B COMPUTING	Quickstep Sample 1	SAMPL1	C	19	A&B403	U	N
A&B COMPUTING	Quickstep Sample 2	SAMPL2	C	19	A&B403	U	N
A&B COMPUTING	Quickstep Sample 3	SAMPL3	C	19	A&B403	U	N
A&B COMPUTING	Raid Over Moscow Cheat	C_RAIDO	C	19	A&B403	U	N
A&B COMPUTING	Repton 3 Editor Cheat	C_REP3	C	19	A&B403	U	N
A&B COMPUTING	Sideways RAM Project	SRP	C	19	A&B403	U	N
A&B COMPUTING	Tape To Disc Utility	TD	C	19	A&B403	U	N
A&B COMPUTING	WAR Cheat	C_WAR	C	19	A&B403	U	N
A&B COMPUTING	Basic Partial Renumber	REN	C	19	A&B404	U	N
A&B COMPUTING	Elk Procyon Conversion	YONMODS	C	19	A&B404	U	N
A&B COMPUTING	Enhanced Copy Command	QCOPY	C	19	A&B404	U	N
A&B COMPUTING	Raid Over Moscow Cheat	C_RAIDO	C	19	A&B404	U	N
A&B COMPUTING	WAR Cheat	C_WAR	C	19	A&B404	U	N
A&B COMPUTING	3D Construction Kit	DESIGN	C	19	A&B406	U	N
A&B COMPUTING	Easy Poke	EASYPOK	C	19	A&B406	U	N
A&B COMPUTING	Skywatch Suite	MENU	C	19	A&B406	U	N
A&B COMPUTING	Skywatch #1: Easter	EASTER	C	19	A&B406	U	N
A&B COMPUTING	Skywatch #2: Planets	PLANETS	C	19	A&B406	U	N
A&B COMPUTING	Skywatch #3: Sun	SUN	C	19	A&B406	U	N
A&B COMPUTING	Skywatch #4: Moon	MOON	C	19	A&B406	U	N
A&B COMPUTING	3D Construction Kit #2	PERSPEC	C	19	A&B407	U	N
A&B COMPUTING	Gen. Election Entry	ANALYS1	C	19	A&B407	U	N
A&B COMPUTING	Gen. Election Analysis	ANALYS2	C	19	A&B407	U	N
A&B COMPUTING	Ravenskull	C_RAVEN	C	19	A&B407	c	N
A&B COMPUTING	Syncron #E	C_SYNCR	C	19	A&B407	c	N
A&B COMPUTING	3D Construction Kit #3	3DCONS3	C	19	A&B408-10	U	N
A&B COMPUTING	Firetrack	C_FIRET	C	19	A&B408-10	c	N
A&B COMPUTING	Green Beret	C_GREEN	C	19	A&B408-10	c	N
A&B COMPUTING	Imogen Challenger Fix	C_IMOGE	C	19	A&B408-10	c	N
A&B COMPUTING	Paperboy	C_PAPER	C	19	A&B408-10	c	N
A&B COMPUTING	Phantom	C_PHANT	C	19	A&B408-10	c	N
A&B COMPUTING	Plan B	C_PLANB	C	19	A&B408-10	c	N
A&B COMPUTING	Plus Talk	PLUSTAL	C	19	A&B408-10	U	N
A&B COMPUTING	Visual Experiments	VISUALE	C	19	A&B408-10	U	N
A&B COMPUTING	Musician	M.CSL1	C	19	A&B05	U	N
A&B COMPUTING	Player	PLAYER	C	19	A&B05	U	N
A&B COMPUTING	Composer	MUSIC1	C	19	A&B05	U	N
A&B COMPUTING	Sound File	SOUNDS	C	19	A&B05	U	N
A&B COMPUTING	Studio	STUDIO	C	11	A&B05	U	N
A&B COMPUTING	Information	T.INFO	E	19	A&B05	U	N
A&B COMPUTING	Murder at the Abbey	loader	C	19	A&B02	U	N
A&B COMPUTING	DUNGEON ADVENTURE	loader	c	19	A&B03	U	N
A&B COMPUTING	Musica	menu	c	20	A&B05	U	N
